timestamp,image_path,name,ticker,price,trend
2025-12-08T21:25:08.027674Z,screenshots\capture_20251209_022507_119.png,Robinhood Brave,APP,$689.11,down
2025-12-08T21:25:09.566266Z,screenshots\capture_20251209_022509_030.png,Robinhood Brave,APP,$689.11,down
2025-12-08T21:25:11.221628Z,screenshots\capture_20251209_022510_570.png,Robinhood Brave,APP,$689.11,down
2025-12-08T21:25:12.792763Z,screenshots\capture_20251209_022512_223.png,Robinhood Brave,APP,$689.11,down
2025-12-08T21:25:14.632052Z,screenshots\capture_20251209_022513_798.png,Robinhood Brave,APP,$689.11,down
2025-12-08T21:25:16.667516Z,screenshots\capture_20251209_022515_684.png,Robinhood Brave,APP,$689.11,down
2025-12-08T21:25:18.449153Z,screenshots\capture_20251209_022517_748.png,Robinhood Brave,APP,$689.11,down
2025-12-08T21:25:20.029870Z,screenshots\capture_20251209_022519_500.png,Robinhood Brave,APP,$689.11,down
2025-12-08T21:25:21.503237Z,screenshots\capture_20251209_022521_036.png,Robinhood Brave,APP,$689.11,down
2025-12-08T21:25:23.000186Z,screenshots\capture_20251209_022522_505.png,Robinhood Brave,APP,$689.11,down
2025-12-08T21:25:24.490266Z,screenshots\capture_20251209_022524_003.png,Robinhood Brave,APP,$689.11,down
2025-12-08T21:25:26.157850Z,screenshots\capture_20251209_022525_493.png,Robinhood Brave,APP,$689.11,down
2025-12-08T21:25:28.137991Z,screenshots\capture_20251209_022527_279.png,Robinhood Brave,APP,$689.11,down
2025-12-08T21:25:29.754420Z,screenshots\capture_20251209_022529_140.png,Robinhood Brave,APP,$689.11,down
2025-12-08T21:25:31.388057Z,screenshots\capture_20251209_022530_756.png,Robinhood Brave,APP,$689.11,down
2025-12-08T21:25:34.532207Z,screenshots\capture_20251209_022533_065.png,Robinhood Brave,APP,$689.11,down
2025-12-08T21:25:37.390350Z,screenshots\capture_20251209_022535_794.png,Robinhood Brave,APP,$689.11,down
2025-12-08T21:25:39.344668Z,screenshots\capture_20251209_022538_421.png,Robinhood Brave,APP,$689.95,down
2025-12-08T21:25:41.502152Z,screenshots\capture_20251209_022540_347.png,Robinhood Brave,APP,$689.95,down
2025-12-08T21:25:43.728238Z,screenshots\capture_20251209_022542_509.png,Robinhood Brave,APP,$689.95,down
2025-12-08T21:25:45.708549Z,screenshots\capture_20251209_022544_736.png,Robinhood Brave,APP,$689.95,down
2025-12-08T21:25:48.039722Z,screenshots\capture_20251209_022546_724.png,Robinhood Brave,APP,$689.95,down
2025-12-08T21:25:49.720435Z,screenshots\capture_20251209_022549_045.png,Robinhood Brave,APP,$689.95,down
2025-12-08T21:25:51.416980Z,screenshots\capture_20251209_022550_722.png,Robinhood Brave,APP,$689.95,down
2025-12-08T21:25:53.395487Z,screenshots\capture_20251209_022552_455.png,Robinhood Brave,APP,$689.95,down
2025-12-08T21:25:55.869374Z,screenshots\capture_20251209_022554_628.png,Robinhood Brave,APP,$689.95,down
2025-12-08T21:25:57.766557Z,screenshots\capture_20251209_022556_872.png,Robinhood Brave,APP,$689.95,down
2025-12-08T21:25:59.401332Z,screenshots\capture_20251209_022558_768.png,Robinhood Brave,APP,$689.95,down
2025-12-08T21:26:01.043049Z,screenshots\capture_20251209_022600_404.png,Robinhood Brave,APP,$689.95,down
2025-12-08T21:26:02.590905Z,screenshots\capture_20251209_022602_045.png,Robinhood Brave,APP,$689.95,down
2025-12-08T21:26:04.164507Z,screenshots\capture_20251209_022603_593.png,Robinhood Brave,APP,$689.95,down
2025-12-08T21:26:05.607471Z,screenshots\capture_20251209_022605_169.png,Robinhood Brave,APP,$689.95,down
2025-12-08T21:26:07.251841Z,screenshots\capture_20251209_022606_611.png,Robinhood Brave,APP,$689.95,down
2025-12-08T21:26:08.723413Z,screenshots\capture_20251209_022608_258.png,Robinhood Brave,APP,$689.95,down
2025-12-08T22:17:13.747362Z,screenshots\capture_20251209_031713_005.png,Robinhood Brave,APP,$691.01,down
2025-12-08T22:17:15.155544Z,screenshots\capture_20251209_031714_749.png,Robinhood Brave,APP,$691.01,down
2025-12-08T22:17:16.541083Z,screenshots\capture_20251209_031716_158.png,Robinhood Brave,APP,$691.01,down
2025-12-08T22:17:17.941602Z,screenshots\capture_20251209_031717_542.png,Robinhood Brave,APP,$691.01,down
2025-12-08T22:17:19.373895Z,screenshots\capture_20251209_031718_943.png,Robinhood Brave,APP,$691.01,down
2025-12-08T22:17:21.131036Z,screenshots\capture_20251209_031720_376.png,Robinhood Brave,APP,$691.01,down
2025-12-08T22:17:22.545344Z,screenshots\capture_20251209_031722_147.png,Robinhood Brave,APP,$691.01,none
2025-12-08T22:17:23.969502Z,screenshots\capture_20251209_031723_546.png,Robinhood Brave,APP,$691.01,none
2025-12-08T22:17:25.471758Z,screenshots\capture_20251209_031724_972.png,Robinhood Brave,APP,$691.01,none
2025-12-08T22:17:26.882048Z,screenshots\capture_20251209_031726_473.png,Robinhood Brave,APP,$691.01,none
2025-12-08T22:17:28.531090Z,screenshots\capture_20251209_031727_885.png,Robinhood Brave,APP,$691.01,none
2025-12-08T22:17:30.014161Z,screenshots\capture_20251209_031729_532.png,Robinhood Brave,APP,$691.01,none
2025-12-08T22:17:31.567344Z,screenshots\capture_20251209_031731_016.png,Robinhood Brave,APP,$691.01,none
2025-12-08T22:17:33.095138Z,screenshots\capture_20251209_031732_571.png,Robinhood Brave,APP,$691.01,down
2025-12-08T22:17:34.553093Z,screenshots\capture_20251209_031734_096.png,Robinhood Brave,APP,$691.01,down
2025-12-08T22:17:59.788432Z,screenshots\capture_20251209_031759_224.png,Robinhood Brave,APP,$691.01,down
2025-12-08T22:18:01.406997Z,screenshots\capture_20251209_031800_790.png,Robinhood Brave,APP,$691.01,down
2025-12-08T22:18:02.860732Z,screenshots\capture_20251209_031802_408.png,Robinhood Brave,APP,$691.01,down
2025-12-08T22:18:04.408525Z,screenshots\capture_20251209_031803_867.png,Robinhood Brave,APP,$691.01,down
2025-12-08T22:18:05.989584Z,screenshots\capture_20251209_031805_410.png,Robinhood Brave,APP,$691.01,down
2025-12-08T22:18:07.447062Z,screenshots\capture_20251209_031806_991.png,Robinhood Brave,APP,$691.01,down
2025-12-08T22:18:08.988023Z,screenshots\capture_20251209_031808_449.png,Robinhood Brave,APP,$691.01,down
2025-12-08T22:18:10.460145Z,screenshots\capture_20251209_031809_989.png,Robinhood Brave,APP,$691.01,down
2025-12-08T22:18:11.873974Z,screenshots\capture_20251209_031811_463.png,Robinhood Brave,APP,$691.01,down
2025-12-08T22:18:13.351271Z,screenshots\capture_20251209_031812_876.png,Robinhood Brave,APP,$691.01,down
2025-12-08T22:18:14.776895Z,screenshots\capture_20251209_031814_356.png,Robinhood Brave,APP,$691.01,down
2025-12-08T22:18:16.254044Z,screenshots\capture_20251209_031815_778.png,Robinhood Brave,APP,$691.01,down
2025-12-08T22:18:17.729232Z,screenshots\capture_20251209_031817_255.png,Robinhood Brave,APP,$691.01,down
2025-12-08T22:18:19.169713Z,screenshots\capture_20251209_031818_734.png,Robinhood Brave,APP,$691.01,down
2025-12-08T22:18:20.582431Z,screenshots\capture_20251209_031820_171.png,Robinhood Brave,APP,$691.01,down
2025-12-08T22:18:21.978217Z,screenshots\capture_20251209_031821_583.png,Robinhood Brave,APP,$691.01,down
2025-12-08T22:18:23.435509Z,screenshots\capture_20251209_031822_979.png,Robinhood Brave,APP,$691.01,down
2025-12-08T22:18:24.798417Z,screenshots\capture_20251209_031824_441.png,Robinhood Brave,APP,$691.01,down
2025-12-08T22:18:26.172848Z,screenshots\capture_20251209_031825_801.png,Robinhood Brave,APP,$691.01,down
2025-12-08T22:18:27.591544Z,screenshots\capture_20251209_031827_174.png,Robinhood Brave,APP,$691.01,down
2025-12-08T22:18:28.960235Z,screenshots\capture_20251209_031828_595.png,Robinhood Brave,APP,$691.01,down
2025-12-08T22:18:30.414638Z,screenshots\capture_20251209_031829_961.png,Robinhood Brave,APP,$691.01,down
2025-12-08T22:18:31.864415Z,screenshots\capture_20251209_031831_416.png,Robinhood Brave,APP,$691.01,down
2025-12-08T22:18:33.276522Z,screenshots\capture_20251209_031832_866.png,Robinhood Brave,APP,$691.01,down
2025-12-08T22:18:34.702538Z,screenshots\capture_20251209_031834_323.png,Robinhood Brave,APP,$691.01,down
2025-12-08T22:18:36.410775Z,screenshots\capture_20251209_031835_793.png,Robinhood Brave,APP,$691.01,down
2025-12-08T22:18:37.954784Z,screenshots\capture_20251209_031837_414.png,Robinhood Brave,APP,$691.01,down
2025-12-08T22:18:39.365816Z,screenshots\capture_20251209_031838_957.png,Robinhood Brave,APP,$691.01,down
2025-12-08T22:18:40.965711Z,screenshots\capture_20251209_031840_367.png,Robinhood Brave,APP,$691.01,down
2025-12-08T22:18:42.540832Z,screenshots\capture_20251209_031841_968.png,Robinhood Brave,APP,$691.01,down
2025-12-08T22:18:44.087194Z,screenshots\capture_20251209_031843_544.png,Robinhood Brave,APP,$691.01,down
2025-12-08T22:18:45.553442Z,screenshots\capture_20251209_031845_090.png,Robinhood Brave,APP,$691.01,down
2025-12-08T22:18:47.045447Z,screenshots\capture_20251209_031846_555.png,Robinhood Brave,APP,$691.01,down
2025-12-08T22:18:48.466693Z,screenshots\capture_20251209_031848_048.png,Robinhood Brave,APP,$691.01,down
2025-12-08T22:18:50.295390Z,screenshots\capture_20251209_031849_567.png,Robinhood Brave,APP,$691.01,down
2025-12-08T22:18:51.836665Z,screenshots\capture_20251209_031851_298.png,Robinhood Brave,APP,$691.01,down
2025-12-08T22:18:53.440390Z,screenshots\capture_20251209_031852_838.png,Robinhood Brave,APP,$691.01,down
2025-12-08T22:18:55.637274Z,screenshots\capture_20251209_031854_444.png,Robinhood Brave,APP,$691.01,down
2025-12-08T22:18:57.689437Z,screenshots\capture_20251209_031856_640.png,Robinhood Brave,APP,$691.01,down
2025-12-08T22:18:59.530158Z,screenshots\capture_20251209_031858_691.png,Robinhood Brave,APP,$691.01,down
2025-12-08T22:19:01.654188Z,screenshots\capture_20251209_031900_542.png,Robinhood Brave,APP,$691.01,down
2025-12-08T22:19:03.203041Z,screenshots\capture_20251209_031902_666.png,Robinhood Brave,APP,$691.01,down
2025-12-08T22:19:04.720551Z,screenshots\capture_20251209_031904_204.png,Robinhood Brave,APP,$691.01,down
2025-12-08T22:19:06.282081Z,screenshots\capture_20251209_031905_797.png,Robinhood Brave,APP,$691.01,down
2025-12-08T22:19:07.919587Z,screenshots\capture_20251209_031907_287.png,Robinhood Brave,APP,$691.01,down
2025-12-08T22:19:09.441299Z,screenshots\capture_20251209_031908_921.png,Robinhood Brave,APP,$691.01,down
2025-12-08T22:19:10.957693Z,screenshots\capture_20251209_031910_444.png,Robinhood Brave,APP,$691.01,down
2025-12-08T22:19:12.427003Z,screenshots\capture_20251209_031911_960.png,Robinhood Brave,APP,$691.01,down
2025-12-08T22:19:13.795698Z,screenshots\capture_20251209_031913_429.png,Robinhood Brave,APP,$691.01,down
2025-12-08T22:19:15.295213Z,screenshots\capture_20251209_031914_796.png,Robinhood Brave,APP,$691.01,down
2025-12-08T22:19:16.841967Z,screenshots\capture_20251209_031916_397.png,Robinhood Brave,APP,$691.01,down
2025-12-08T22:19:18.323002Z,screenshots\capture_20251209_031917_843.png,Robinhood Brave,APP,$691.01,down
2025-12-08T22:19:19.707878Z,screenshots\capture_20251209_031919_324.png,Robinhood Brave,APP,$691.01,down
2025-12-08T22:19:21.098483Z,screenshots\capture_20251209_031920_710.png,Robinhood Brave,APP,$691.01,down
2025-12-08T22:19:22.556031Z,screenshots\capture_20251209_031922_099.png,Robinhood Brave,APP,$691.01,down
2025-12-08T22:19:24.161315Z,screenshots\capture_20251209_031923_559.png,Robinhood Brave,APP,$691.01,down
2025-12-08T22:19:25.751808Z,screenshots\capture_20251209_031925_163.png,Robinhood Brave,APP,$691.01,down
2025-12-08T22:19:27.103472Z,screenshots\capture_20251209_031926_753.png,Robinhood Brave,APP,$691.01,down
2025-12-08T22:19:28.537097Z,screenshots\capture_20251209_031928_104.png,Robinhood Brave,APP,$691.01,down
2025-12-08T22:19:30.050499Z,screenshots\capture_20251209_031929_538.png,Robinhood Brave,APP,$691.01,down
2025-12-08T22:19:31.523608Z,screenshots\capture_20251209_031931_052.png,Robinhood Brave,APP,$691.01,down
2025-12-08T22:19:33.003402Z,screenshots\capture_20251209_031932_524.png,Robinhood Brave,APP,$691.01,down
2025-12-08T22:19:34.377903Z,screenshots\capture_20251209_031934_004.png,Robinhood Brave,APP,$691.01,down
2025-12-08T22:19:35.785178Z,screenshots\capture_20251209_031935_382.png,Robinhood Brave,APP,$691.01,down
2025-12-08T22:19:37.312322Z,screenshots\capture_20251209_031936_787.png,Robinhood Brave,APP,$691.01,down
2025-12-08T22:19:38.760157Z,screenshots\capture_20251209_031938_314.png,Robinhood Brave,APP,$691.01,down
2025-12-08T22:19:40.465305Z,screenshots\capture_20251209_031939_761.png,Robinhood Brave,APP,$691.01,down
2025-12-08T22:19:41.952742Z,screenshots\capture_20251209_031941_492.png,Robinhood Brave,APP,$691.01,down
2025-12-08T22:19:43.398027Z,screenshots\capture_20251209_031942_954.png,Robinhood Brave,APP,$691.01,down
2025-12-08T22:19:45.073741Z,screenshots\capture_20251209_031944_400.png,Robinhood Brave,APP,$691.01,down
2025-12-08T22:19:46.644032Z,screenshots\capture_20251209_031946_079.png,Robinhood Brave,APP,$691.01,down
2025-12-08T22:19:48.082688Z,screenshots\capture_20251209_031947_645.png,Robinhood Brave,APP,$691.01,down
2025-12-08T22:19:49.886027Z,screenshots\capture_20251209_031949_085.png,Robinhood Brave,APP,$691.01,down
2025-12-08T22:19:52.219498Z,screenshots\capture_20251209_031950_958.png,Robinhood Brave,APP,$691.01,down
2025-12-08T22:19:53.900682Z,screenshots\capture_20251209_031953_221.png,Robinhood Brave,APP,$691.01,down
2025-12-08T22:19:55.467211Z,screenshots\capture_20251209_031954_902.png,Robinhood Brave,APP,$691.01,down
2025-12-08T22:19:57.131406Z,screenshots\capture_20251209_031956_468.png,Robinhood Brave,APP,$691.01,down
2025-12-08T22:19:58.693550Z,screenshots\capture_20251209_031958_135.png,Robinhood Brave,APP,$691.01,down
2025-12-08T22:20:00.522817Z,screenshots\capture_20251209_031959_714.png,Robinhood Brave,APP,$691.01,down
2025-12-08T22:20:02.066174Z,screenshots\capture_20251209_032001_524.png,Robinhood Brave,APP,$691.01,down
2025-12-08T22:20:03.597833Z,screenshots\capture_20251209_032003_067.png,Robinhood Brave,APP,$691.01,down
2025-12-08T22:20:05.317219Z,screenshots\capture_20251209_032004_600.png,Robinhood Brave,APP,$691.01,down
2025-12-08T22:20:07.142648Z,screenshots\capture_20251209_032006_321.png,Robinhood Brave,APP,$691.01,down
2025-12-08T22:20:08.658467Z,screenshots\capture_20251209_032008_144.png,Robinhood Brave,APP,$691.01,down
2025-12-08T22:20:10.116167Z,screenshots\capture_20251209_032009_660.png,Robinhood Brave,APP,$691.01,down
2025-12-08T22:20:11.798911Z,screenshots\capture_20251209_032011_130.png,Robinhood Brave,APP,$691.01,down
2025-12-08T22:20:13.797212Z,screenshots\capture_20251209_032012_800.png,Robinhood Brave,APP,$691.01,down
2025-12-08T22:20:15.468862Z,screenshots\capture_20251209_032014_857.png,Robinhood Brave,APP,$691.01,down
2025-12-08T22:20:17.461148Z,screenshots\capture_20251209_032016_526.png,Robinhood Brave,APP,$691.01,down
2025-12-08T22:20:19.547844Z,screenshots\capture_20251209_032018_467.png,Robinhood Brave,APP,$691.01,down
2025-12-08T22:20:21.798017Z,screenshots\capture_20251209_032020_566.png,Robinhood Brave,APP,$691.01,down
2025-12-08T22:20:25.026767Z,screenshots\capture_20251209_032023_512.png,Robinhood Brave,APP,$691.01,down
2025-12-08T22:20:26.606991Z,screenshots\capture_20251209_032026_045.png,Robinhood Brave,APP,$691.01,down
2025-12-08T22:20:28.114204Z,screenshots\capture_20251209_032027_614.png,Robinhood Brave,APP,$691.01,down
2025-12-08T22:20:29.534726Z,screenshots\capture_20251209_032029_116.png,Robinhood Brave,APP,$691.01,down
2025-12-08T22:20:30.998976Z,screenshots\capture_20251209_032030_536.png,Robinhood Brave,APP,$691.01,down
2025-12-08T22:20:32.365275Z,screenshots\capture_20251209_032032_000.png,Robinhood Brave,APP,$691.01,down
2025-12-08T22:20:33.868984Z,screenshots\capture_20251209_032033_366.png,Robinhood Brave,APP,$691.01,down
2025-12-08T22:20:35.274144Z,screenshots\capture_20251209_032034_870.png,Robinhood Brave,APP,$691.01,down
2025-12-08T22:20:36.730185Z,screenshots\capture_20251209_032036_275.png,Robinhood Brave,APP,$691.01,down
2025-12-08T22:20:38.263953Z,screenshots\capture_20251209_032037_734.png,Robinhood Brave,APP,$691.01,down
2025-12-08T22:20:39.885123Z,screenshots\capture_20251209_032039_267.png,Robinhood Brave,APP,$691.01,down
2025-12-08T22:20:41.461800Z,screenshots\capture_20251209_032040_892.png,Robinhood Brave,APP,$691.01,down
2025-12-08T22:20:43.005282Z,screenshots\capture_20251209_032042_463.png,Robinhood Brave,APP,$691.01,down
2025-12-08T22:20:44.417289Z,screenshots\capture_20251209_032044_007.png,Robinhood Brave,APP,$691.01,down
2025-12-08T22:20:45.846668Z,screenshots\capture_20251209_032045_418.png,Robinhood Brave,APP,$691.01,down
2025-12-08T22:20:47.365670Z,screenshots\capture_20251209_032046_847.png,Robinhood Brave,APP,$691.01,down
2025-12-08T22:20:48.827422Z,screenshots\capture_20251209_032048_368.png,Robinhood Brave,APP,$691.01,down
2025-12-08T22:20:50.691229Z,screenshots\capture_20251209_032049_829.png,Robinhood Brave,APP,$691.01,down
2025-12-08T22:20:52.177502Z,screenshots\capture_20251209_032051_741.png,Robinhood Brave,APP,$691.01,down
2025-12-08T22:20:53.623467Z,screenshots\capture_20251209_032053_189.png,Robinhood Brave,APP,$691.01,down
2025-12-08T22:20:54.983048Z,screenshots\capture_20251209_032054_624.png,Robinhood Brave,APP,$691.01,down
2025-12-08T22:20:56.333379Z,screenshots\capture_20251209_032055_984.png,Robinhood Brave,APP,$691.01,down
2025-12-08T22:20:57.733317Z,screenshots\capture_20251209_032057_334.png,Robinhood Brave,APP,$691.01,down
2025-12-08T22:20:59.108997Z,screenshots\capture_20251209_032058_735.png,Robinhood Brave,APP,$691.01,down
2025-12-08T22:21:00.473980Z,screenshots\capture_20251209_032100_110.png,Robinhood Brave,APP,$691.01,down
2025-12-08T22:21:01.909850Z,screenshots\capture_20251209_032101_476.png,Robinhood Brave,APP,$691.01,down
2025-12-08T22:21:03.246221Z,screenshots\capture_20251209_032102_911.png,Robinhood Brave,APP,$691.01,down
2025-12-08T22:21:04.595262Z,screenshots\capture_20251209_032104_247.png,Robinhood Brave,APP,$691.01,down
2025-12-08T22:21:05.956589Z,screenshots\capture_20251209_032105_596.png,Robinhood Brave,APP,$691.01,down
2025-12-08T22:21:07.307227Z,screenshots\capture_20251209_032106_958.png,Robinhood Brave,APP,$691.01,down
2025-12-08T22:21:08.681057Z,screenshots\capture_20251209_032108_308.png,Robinhood Brave,APP,$691.01,down
2025-12-08T22:21:10.057129Z,screenshots\capture_20251209_032109_682.png,Robinhood Brave,APP,$691.01,down
2025-12-08T22:21:11.441553Z,screenshots\capture_20251209_032111_058.png,Robinhood Brave,APP,$691.01,down
2025-12-08T22:21:12.793940Z,screenshots\capture_20251209_032112_443.png,Robinhood Brave,APP,$691.01,down
2025-12-08T22:21:14.195151Z,screenshots\capture_20251209_032113_795.png,Robinhood Brave,APP,$691.01,down
2025-12-08T22:21:15.533763Z,screenshots\capture_20251209_032115_196.png,Robinhood Brave,APP,$691.01,down
2025-12-08T22:21:16.898335Z,screenshots\capture_20251209_032116_534.png,Robinhood Brave,APP,$691.01,down
2025-12-08T22:21:18.314190Z,screenshots\capture_20251209_032117_899.png,Robinhood Brave,APP,$691.01,down
2025-12-08T22:21:19.635462Z,screenshots\capture_20251209_032119_315.png,Robinhood Brave,APP,$691.01,down
2025-12-08T22:21:21.065175Z,screenshots\capture_20251209_032120_638.png,Robinhood Brave,APP,$691.01,down
2025-12-08T22:21:22.720365Z,screenshots\capture_20251209_032122_083.png,Robinhood Brave,APP,$691.01,down
2025-12-08T22:21:24.172900Z,screenshots\capture_20251209_032123_723.png,Robinhood Brave,APP,$691.01,down
2025-12-08T22:21:25.723169Z,screenshots\capture_20251209_032125_174.png,Robinhood Brave,APP,$691.01,down
2025-12-08T22:21:27.214018Z,screenshots\capture_20251209_032126_725.png,Robinhood Brave,APP,$691.01,down
2025-12-08T22:21:28.713935Z,screenshots\capture_20251209_032128_216.png,Robinhood Brave,APP,$691.01,down
2025-12-08T22:21:30.175769Z,screenshots\capture_20251209_032129_716.png,Robinhood Brave,APP,$691.01,down
2025-12-08T22:21:31.547444Z,screenshots\capture_20251209_032131_177.png,Robinhood Brave,APP,$691.01,down
2025-12-08T22:21:33.137627Z,screenshots\capture_20251209_032132_549.png,Robinhood Brave,APP,$691.01,down
2025-12-08T22:21:34.637539Z,screenshots\capture_20251209_032134_139.png,Robinhood Brave,APP,$691.01,down
2025-12-08T22:21:36.148843Z,screenshots\capture_20251209_032135_641.png,Robinhood Brave,APP,$691.01,down
2025-12-08T22:21:37.557240Z,screenshots\capture_20251209_032137_150.png,Robinhood Brave,APP,$691.01,down
2025-12-08T22:21:39.043845Z,screenshots\capture_20251209_032138_559.png,Robinhood Brave,APP,$691.01,down
2025-12-08T22:21:40.552955Z,screenshots\capture_20251209_032140_045.png,Robinhood Brave,APP,$691.01,down
2025-12-08T22:21:41.958150Z,screenshots\capture_20251209_032141_554.png,Robinhood Brave,APP,$691.01,down
2025-12-08T22:21:43.296933Z,screenshots\capture_20251209_032142_959.png,Robinhood Brave,APP,$691.01,down
2025-12-08T22:21:44.782551Z,screenshots\capture_20251209_032144_299.png,Robinhood Brave,APP,$691.01,down
2025-12-08T22:21:47.258458Z,screenshots\capture_20251209_032145_786.png,Robinhood Brave,APP,$691.01,down
2025-12-08T22:21:48.759143Z,screenshots\capture_20251209_032148_260.png,Robinhood Brave,APP,$691.01,down
2025-12-08T22:21:50.406869Z,screenshots\capture_20251209_032149_783.png,Robinhood Brave,APP,$691.01,none
2025-12-08T22:21:52.395041Z,screenshots\capture_20251209_032151_444.png,Robinhood Brave,APP,$691.01,none
2025-12-08T22:21:54.333281Z,screenshots\capture_20251209_032153_396.png,Robinhood Brave,APP,$691.01,none
2025-12-08T22:21:55.807048Z,screenshots\capture_20251209_032155_334.png,Robinhood Brave,APP,$691.01,none
2025-12-08T22:21:57.126329Z,screenshots\capture_20251209_032156_809.png,Robinhood Brave,APP,$691.01,none
2025-12-08T22:21:58.524480Z,screenshots\capture_20251209_032158_127.png,Robinhood Brave,APP,$691.01,none
2025-12-08T22:21:59.883868Z,screenshots\capture_20251209_032159_525.png,Robinhood Brave,APP,$691.01,none
2025-12-08T22:22:01.237678Z,screenshots\capture_20251209_032200_885.png,Robinhood Brave,APP,$691.01,none
2025-12-08T22:22:02.851718Z,screenshots\capture_20251209_032202_239.png,Robinhood Brave,APP,$691.01,none
2025-12-08T22:22:04.257764Z,screenshots\capture_20251209_032203_867.png,Robinhood Brave,APP,$691.01,down
2025-12-08T22:22:05.632758Z,screenshots\capture_20251209_032205_259.png,Robinhood Brave,APP,$691.01,down
2025-12-08T22:22:06.992963Z,screenshots\capture_20251209_032206_636.png,Robinhood Brave,APP,$691.01,down
2025-12-08T22:22:08.394532Z,screenshots\capture_20251209_032207_994.png,Robinhood Brave,APP,$691.01,down
2025-12-08T22:22:09.770516Z,screenshots\capture_20251209_032209_396.png,Robinhood Brave,APP,$691.01,down
2025-12-08T22:22:11.159625Z,screenshots\capture_20251209_032210_772.png,Robinhood Brave,APP,$691.01,down
2025-12-08T22:22:12.568677Z,screenshots\capture_20251209_032212_160.png,Robinhood Brave,APP,$691.01,down
2025-12-08T22:22:13.938064Z,screenshots\capture_20251209_032213_570.png,Robinhood Brave,APP,$691.01,down
2025-12-08T22:22:15.287352Z,screenshots\capture_20251209_032214_939.png,Robinhood Brave,APP,$691.01,down
2025-12-08T22:22:16.766201Z,screenshots\capture_20251209_032216_288.png,Robinhood Brave,APP,$691.01,down
2025-12-08T22:22:18.112600Z,screenshots\capture_20251209_032217_768.png,Robinhood Brave,APP,$691.01,down
2025-12-08T22:22:19.466942Z,screenshots\capture_20251209_032219_115.png,Robinhood Brave,APP,$691.01,down
2025-12-08T22:22:20.943500Z,screenshots\capture_20251209_032220_471.png,Robinhood Brave,APP,$691.01,down
2025-12-08T22:22:22.301559Z,screenshots\capture_20251209_032221_945.png,Robinhood Brave,APP,$691.01,down
2025-12-08T22:22:23.717804Z,screenshots\capture_20251209_032223_302.png,Robinhood Brave,APP,$691.01,down
2025-12-08T22:22:25.069549Z,screenshots\capture_20251209_032224_727.png,Robinhood Brave,APP,$691.01,down
2025-12-08T22:22:26.424629Z,screenshots\capture_20251209_032226_071.png,Robinhood Brave,APP,$691.01,down
2025-12-08T22:22:27.790819Z,screenshots\capture_20251209_032227_425.png,Robinhood Brave,APP,$691.01,down
2025-12-08T22:22:29.150483Z,screenshots\capture_20251209_032228_792.png,Robinhood Brave,APP,$691.01,down
2025-12-08T22:22:30.466675Z,screenshots\capture_20251209_032230_151.png,Robinhood Brave,APP,$691.01,down
2025-12-08T22:22:31.819566Z,screenshots\capture_20251209_032231_468.png,Robinhood Brave,APP,$691.01,down
2025-12-08T22:22:33.209406Z,screenshots\capture_20251209_032232_821.png,Robinhood Brave,APP,$691.01,down
2025-12-08T22:22:34.546945Z,screenshots\capture_20251209_032234_211.png,Robinhood Brave,APP,$691.01,down
2025-12-08T22:22:35.892599Z,screenshots\capture_20251209_032235_548.png,Robinhood Brave,APP,$691.01,down
2025-12-08T22:22:37.257792Z,screenshots\capture_20251209_032236_894.png,Robinhood Brave,APP,$691.01,down
2025-12-08T22:22:38.621929Z,screenshots\capture_20251209_032238_259.png,Robinhood Brave,APP,$691.01,down
2025-12-08T22:22:39.973551Z,screenshots\capture_20251209_032239_623.png,Robinhood Brave,APP,$691.01,down
2025-12-08T22:22:41.359176Z,screenshots\capture_20251209_032240_975.png,Robinhood Brave,APP,$691.01,down
2025-12-08T22:22:42.685532Z,screenshots\capture_20251209_032242_360.png,Robinhood Brave,APP,$691.01,down
2025-12-08T22:22:43.992371Z,screenshots\capture_20251209_032243_686.png,Robinhood Brave,APP,$691.01,down
2025-12-08T22:22:45.321283Z,screenshots\capture_20251209_032244_993.png,Robinhood Brave,APP,$691.01,down
2025-12-08T22:22:46.726694Z,screenshots\capture_20251209_032246_323.png,Robinhood Brave,APP,$691.01,down
2025-12-08T22:22:48.052372Z,screenshots\capture_20251209_032247_728.png,Robinhood Brave,APP,$691.01,down
2025-12-08T22:22:49.422043Z,screenshots\capture_20251209_032249_053.png,Robinhood Brave,APP,$691.01,down
2025-12-08T22:22:51.300771Z,screenshots\capture_20251209_032250_435.png,Robinhood Brave,APP,$691.01,down
2025-12-08T22:22:52.634206Z,screenshots\capture_20251209_032252_302.png,Robinhood Brave,APP,$691.01,down
2025-12-08T22:22:54.121158Z,screenshots\capture_20251209_032253_636.png,Robinhood Brave,APP,$691.01,down
2025-12-08T22:22:55.610749Z,screenshots\capture_20251209_032255_123.png,Robinhood Brave,APP,$691.01,down
2025-12-08T22:22:57.253049Z,screenshots\capture_20251209_032256_612.png,Robinhood Brave,APP,$691.01,down
2025-12-08T22:22:58.581693Z,screenshots\capture_20251209_032258_255.png,Robinhood Brave,APP,$691.01,down
2025-12-08T22:22:59.907557Z,screenshots\capture_20251209_032259_583.png,Robinhood Brave,APP,$691.01,down
2025-12-08T22:23:01.262798Z,screenshots\capture_20251209_032300_908.png,Robinhood Brave,APP,$691.01,down
2025-12-08T22:23:02.637351Z,screenshots\capture_20251209_032302_266.png,Robinhood Brave,APP,$691.01,down
2025-12-08T22:23:04.001914Z,screenshots\capture_20251209_032303_638.png,Robinhood Brave,APP,$691.01,down
2025-12-08T22:23:05.318157Z,screenshots\capture_20251209_032305_004.png,Robinhood Brave,APP,$691.01,down
2025-12-08T22:23:06.707635Z,screenshots\capture_20251209_032306_319.png,Robinhood Brave,APP,$691.01,down
2025-12-08T22:23:08.052244Z,screenshots\capture_20251209_032307_709.png,Robinhood Brave,APP,$691.01,down
2025-12-08T22:23:09.401497Z,screenshots\capture_20251209_032309_053.png,Robinhood Brave,APP,$691.01,down
2025-12-08T22:23:10.804581Z,screenshots\capture_20251209_032310_402.png,Robinhood Brave,APP,$691.01,down
2025-12-08T22:23:12.155261Z,screenshots\capture_20251209_032311_807.png,Robinhood Brave,APP,$691.01,down
2025-12-08T22:23:13.501634Z,screenshots\capture_20251209_032313_157.png,Robinhood Brave,APP,$691.01,down
2025-12-08T22:23:15.171407Z,screenshots\capture_20251209_032314_503.png,Robinhood Brave,APP,$691.01,down
2025-12-08T22:23:16.492012Z,screenshots\capture_20251209_032316_174.png,Robinhood Brave,APP,$691.01,down
2025-12-08T22:23:17.906096Z,screenshots\capture_20251209_032317_494.png,Robinhood Brave,APP,$691.01,down
2025-12-08T22:23:19.392306Z,screenshots\capture_20251209_032318_910.png,Robinhood Brave,APP,$691.01,down
2025-12-08T22:23:20.846645Z,screenshots\capture_20251209_032320_393.png,Robinhood Brave,APP,$691.01,down
2025-12-08T22:23:22.718714Z,screenshots\capture_20251209_032321_898.png,Robinhood Brave,APP,$691.01,down
2025-12-08T22:23:24.869924Z,screenshots\capture_20251209_032323_785.png,Robinhood Brave,APP,$691.01,down
2025-12-08T22:23:26.339931Z,screenshots\capture_20251209_032325_871.png,Robinhood Brave,APP,$691.01,down
2025-12-09T10:32:04.330064Z,screenshots\capture_20251209_153201_484.png,Robinhood Brave,BTC,$90178.55,down
2025-12-09T10:32:05.882136Z,screenshots\capture_20251209_153205_340.png,Robinhood Brave,BTC,$90178.55,down
2025-12-09T10:32:07.390556Z,screenshots\capture_20251209_153206_885.png,Robinhood Brave,BTC,$90178.55,down
2025-12-09T10:32:09.049398Z,screenshots\capture_20251209_153208_392.png,Robinhood Brave,BTC,$90169.73,down
2025-12-09T10:32:10.473963Z,screenshots\capture_20251209_153210_054.png,Robinhood Brave,BTC,$90169.73,down
2025-12-09T10:32:12.483286Z,screenshots\capture_20251209_153211_478.png,Robinhood Brave,BTC,$90169.73,down
2025-12-09T10:32:17.527147Z,screenshots\capture_20251209_153213_795.png,Robinhood Brave,BTC,$90169.73,down
2025-12-09T10:32:19.106280Z,screenshots\capture_20251209_153218_531.png,Robinhood Brave,BTC,$90169.73,down
2025-12-09T10:32:20.826722Z,screenshots\capture_20251209_153220_111.png,Robinhood Brave,BTC,$90169.73,down
2025-12-09T10:32:22.412574Z,screenshots\capture_20251209_153221_830.png,Robinhood Brave,BTC,$90169.73,down
2025-12-09T10:32:23.956813Z,screenshots\capture_20251209_153223_414.png,Robinhood Brave,BTC,$90169.73,down
2025-12-09T10:32:25.532475Z,screenshots\capture_20251209_153224_958.png,Robinhood Brave,BTC,$90169.73,down
2025-12-09T10:32:27.159068Z,screenshots\capture_20251209_153226_535.png,Robinhood Brave,BTC,$90169.73,down
2025-12-09T10:32:28.761479Z,screenshots\capture_20251209_153228_161.png,Robinhood Brave,BTC,$90169.73,down
2025-12-09T10:32:30.392930Z,screenshots\capture_20251209_153229_779.png,Robinhood Brave,BTC,$90169.73,down
2025-12-09T10:32:32.394672Z,screenshots\capture_20251209_153231_401.png,Robinhood Brave,BTC,$90169.73,down
2025-12-09T10:32:34.164463Z,screenshots\capture_20251209_153233_396.png,Robinhood Brave,BTC,$90169.73,down
2025-12-09T10:32:35.889776Z,screenshots\capture_20251209_153235_170.png,Robinhood Brave,BTC,$90169.73,down
2025-12-09T10:32:37.712339Z,screenshots\capture_20251209_153236_891.png,Robinhood Brave,BTC,$90169.73,down
2025-12-09T10:32:39.273842Z,screenshots\capture_20251209_153238_716.png,Robinhood Brave,BTC,$90169.73,down
2025-12-09T10:32:40.821819Z,screenshots\capture_20251209_153240_277.png,Robinhood Brave,BTC,$90233.40,down
2025-12-09T10:32:42.262070Z,screenshots\capture_20251209_153241_825.png,Robinhood Brave,BTC,$90233.40,down
2025-12-09T10:32:43.750554Z,screenshots\capture_20251209_153243_263.png,Robinhood Brave,BTC,$90233.40,down
2025-12-09T10:32:45.250031Z,screenshots\capture_20251209_153244_753.png,Robinhood Brave,BTC,$90233.40,down
2025-12-09T10:32:46.617435Z,screenshots\capture_20251209_153246_252.png,Robinhood Brave,BTC,$90233.40,down
2025-12-09T10:32:48.111206Z,screenshots\capture_20251209_153247_619.png,Robinhood Brave,BTC,$90233.40,down
2025-12-09T10:32:49.559738Z,screenshots\capture_20251209_153249_113.png,Robinhood Brave,BTC,$90233.40,down
2025-12-09T10:32:51.116804Z,screenshots\capture_20251209_153250_563.png,Robinhood Brave,BTC,$90233.40,down
2025-12-09T10:32:52.930943Z,screenshots\capture_20251209_153252_122.png,Robinhood Brave,BTC,$90247.97,down
2025-12-09T10:32:54.421756Z,screenshots\capture_20251209_153253_933.png,Robinhood Brave,BTC,$90251.88,down
2025-12-09T10:32:55.990069Z,screenshots\capture_20251209_153255_424.png,Robinhood Brave,BTC,$90248.46,down
2025-12-09T10:32:57.810528Z,screenshots\capture_20251209_153256_995.png,Robinhood Brave,BTC,$90248.46,down
2025-12-09T10:32:59.514254Z,screenshots\capture_20251209_153258_815.png,Robinhood Brave,BTC,$90248.46,down
2025-12-09T10:33:01.008101Z,screenshots\capture_20251209_153300_517.png,Robinhood Brave,BTC,$90248.46,down
2025-12-09T10:33:02.460466Z,screenshots\capture_20251209_153302_010.png,Robinhood Brave,BTC,$90248.46,down
2025-12-09T10:33:03.969563Z,screenshots\capture_20251209_153303_465.png,Robinhood Brave,BTC,$90248.46,down
2025-12-09T10:33:05.554535Z,screenshots\capture_20251209_153304_971.png,Robinhood Brave,BTC,$90248.46,down
2025-12-09T10:33:07.050939Z,screenshots\capture_20251209_153306_556.png,Robinhood Brave,BTC,$90248.46,down
2025-12-09T10:33:08.644498Z,screenshots\capture_20251209_153308_053.png,Robinhood Brave,BTC,$90248.46,down
2025-12-09T10:33:10.349982Z,screenshots\capture_20251209_153309_646.png,Robinhood Brave,BTC,$90248.46,down
2025-12-09T10:33:11.962797Z,screenshots\capture_20251209_153311_353.png,Robinhood Brave,BTC,$90248.46,down
2025-12-09T10:33:13.473414Z,screenshots\capture_20251209_153312_966.png,Robinhood Brave,BTC,$90248.46,down
2025-12-09T10:33:15.807124Z,screenshots\capture_20251209_153314_501.png,Robinhood Brave,BTC,$90248.46,down
2025-12-09T10:33:17.967621Z,screenshots\capture_20251209_153316_812.png,Robinhood Brave,BTC,$90248.46,down
2025-12-09T10:33:19.687182Z,screenshots\capture_20251209_153318_975.png,Robinhood Brave,BTC,$90248.46,down
2025-12-09T10:33:21.173990Z,screenshots\capture_20251209_153320_692.png,Robinhood Brave,BTC,$90248.46,down
2025-12-09T10:33:22.677590Z,screenshots\capture_20251209_153322_177.png,Robinhood Brave,BTC,$90248.46,down
2025-12-09T10:33:24.057802Z,screenshots\capture_20251209_153323_679.png,Robinhood Brave,BTC,$90248.46,down
2025-12-09T10:33:25.574619Z,screenshots\capture_20251209_153325_059.png,Robinhood Brave,BTC,$90248.46,down
2025-12-09T10:33:27.124867Z,screenshots\capture_20251209_153326_576.png,Robinhood Brave,BTC,$90244.59,down
2025-12-09T10:33:28.613392Z,screenshots\capture_20251209_153328_127.png,Robinhood Brave,BTC,$90244.59,down
2025-12-09T10:33:30.143815Z,screenshots\capture_20251209_153329_616.png,Robinhood Brave,BTC,$90244.59,down
2025-12-09T10:33:31.558813Z,screenshots\capture_20251209_153331_146.png,Robinhood Brave,BTC,$90244.59,down
2025-12-09T10:33:33.075908Z,screenshots\capture_20251209_153332_560.png,Robinhood Brave,BTC,$90244.59,down
2025-12-09T10:33:34.614677Z,screenshots\capture_20251209_153334_077.png,Robinhood Brave,BTC,$90244.59,down
2025-12-09T10:33:36.153160Z,screenshots\capture_20251209_153335_619.png,Robinhood Brave,BTC,$90244.59,down
2025-12-09T10:33:37.702436Z,screenshots\capture_20251209_153337_154.png,Robinhood Brave,BTC,$90244.59,down
2025-12-09T10:33:39.218825Z,screenshots\capture_20251209_153338_711.png,Robinhood Brave,BTC,$90244.59,down
2025-12-09T10:33:40.708554Z,screenshots\capture_20251209_153340_221.png,Robinhood Brave,BTC,$90244.59,down
2025-12-09T10:33:42.213120Z,screenshots\capture_20251209_153341_712.png,Robinhood Brave,BTC,$90244.59,down
2025-12-09T10:33:43.792143Z,screenshots\capture_20251209_153343_223.png,Robinhood Brave,BTC,$90244.59,down
2025-12-09T10:33:45.380429Z,screenshots\capture_20251209_153344_798.png,Robinhood Brave,BTC,$90244.59,down
2025-12-09T10:33:46.845562Z,screenshots\capture_20251209_153346_382.png,Robinhood Brave,BTC,$90244.59,down
2025-12-09T10:33:48.318733Z,screenshots\capture_20251209_153347_847.png,Robinhood Brave,BTC,$90244.59,down
2025-12-09T10:33:49.693787Z,screenshots\capture_20251209_153349_322.png,Robinhood Brave,BTC,$90244.59,down
2025-12-09T10:33:51.586337Z,screenshots\capture_20251209_153350_695.png,Robinhood Brave,BTC,$90244.59,down
2025-12-09T10:33:53.315156Z,screenshots\capture_20251209_153352_590.png,Robinhood Brave,BTC,$90244.59,down
2025-12-09T10:33:54.872385Z,screenshots\capture_20251209_153354_317.png,Robinhood Brave,BTC,$90244.59,down
2025-12-09T10:33:56.469320Z,screenshots\capture_20251209_153355_875.png,Robinhood Brave,BTC,$90244.59,down
2025-12-09T10:33:58.145782Z,screenshots\capture_20251209_153357_473.png,Robinhood Brave,BTC,$90294.72,down
2025-12-09T10:33:59.690458Z,screenshots\capture_20251209_153359_150.png,Robinhood Brave,BTC,$90294.72,down
2025-12-09T10:34:01.241784Z,screenshots\capture_20251209_153400_692.png,Robinhood Brave,BTC,$90294.72,down
2025-12-09T10:34:02.896824Z,screenshots\capture_20251209_153402_245.png,Robinhood Brave,BTC,$90294.72,down
2025-12-09T10:34:04.477980Z,screenshots\capture_20251209_153403_901.png,Robinhood Brave,BTC,$90294.72,down
2025-12-09T10:34:06.030961Z,screenshots\capture_20251209_153405_480.png,Robinhood Brave,BTC,$90294.72,down
2025-12-09T10:34:07.658629Z,screenshots\capture_20251209_153407_034.png,Robinhood Brave,BTC,$90294.72,down
2025-12-09T10:34:09.343021Z,screenshots\capture_20251209_153408_660.png,Robinhood Brave,BTC,$90294.72,down
2025-12-09T10:34:11.030976Z,screenshots\capture_20251209_153410_345.png,Robinhood Brave,BTC,$90294.72,down
2025-12-09T10:34:12.538732Z,screenshots\capture_20251209_153412_033.png,Robinhood Brave,BTC,$90294.72,down
2025-12-09T10:34:14.124584Z,screenshots\capture_20251209_153413_542.png,Robinhood Brave,BTC,$90294.72,down
2025-12-09T10:34:16.189092Z,screenshots\capture_20251209_153415_159.png,Robinhood Brave,BTC,$90294.72,down
2025-12-09T10:34:18.032850Z,screenshots\capture_20251209_153417_192.png,Robinhood Brave,BTC,$90294.72,down
2025-12-09T10:34:19.811879Z,screenshots\capture_20251209_153419_036.png,Robinhood Brave,BTC,$90294.72,down
2025-12-09T10:34:21.568572Z,screenshots\capture_20251209_153420_813.png,Robinhood Brave,BTC,$90294.72,down
2025-12-09T10:34:23.432755Z,screenshots\capture_20251209_153422_571.png,Robinhood Brave,BTC,$90294.72,down
2025-12-09T10:34:25.468897Z,screenshots\capture_20251209_153424_441.png,Robinhood Brave,BTC,$90294.72,down
2025-12-09T10:34:27.308690Z,screenshots\capture_20251209_153426_471.png,Robinhood Brave,BTC,$90294.72,down
2025-12-09T10:34:29.104210Z,screenshots\capture_20251209_153428_316.png,Robinhood Brave,BTC,$90263.89,down
2025-12-09T10:34:30.822262Z,screenshots\capture_20251209_153430_107.png,Robinhood Brave,BTC,$90263.89,down
2025-12-09T10:34:32.578425Z,screenshots\capture_20251209_153431_826.png,Robinhood Brave,BTC,$90263.89,down
2025-12-09T10:34:34.259837Z,screenshots\capture_20251209_153433_628.png,Robinhood Brave,BTC,$90263.89,down
2025-12-09T10:34:35.873557Z,screenshots\capture_20251209_153435_266.png,Robinhood Brave,BTC,$90263.89,down
2025-12-09T10:34:37.501247Z,screenshots\capture_20251209_153436_877.png,Robinhood Brave,BTC,$90263.89,down
2025-12-09T10:34:39.031520Z,screenshots\capture_20251209_153438_503.png,Robinhood Brave,BTC,$90263.89,down
2025-12-09T10:34:40.697463Z,screenshots\capture_20251209_153440_033.png,Robinhood Brave,BTC,$90263.89,down
2025-12-09T10:34:42.349999Z,screenshots\capture_20251209_153441_700.png,Robinhood Brave,BTC,$90263.89,down
2025-12-09T10:34:43.793070Z,screenshots\capture_20251209_153443_353.png,Robinhood Brave,BTC,$90263.89,down
2025-12-09T10:34:45.286000Z,screenshots\capture_20251209_153444_795.png,Robinhood Brave,BTC,$90263.89,down
2025-12-09T10:34:46.814667Z,screenshots\capture_20251209_153446_288.png,Robinhood Brave,BTC,$90263.89,down
2025-12-09T10:34:48.432465Z,screenshots\capture_20251209_153447_816.png,Robinhood Brave,BTC,$90263.89,down
2025-12-09T10:34:49.990343Z,screenshots\capture_20251209_153449_435.png,Robinhood Brave,BTC,$90263.89,down
2025-12-09T10:34:51.459708Z,screenshots\capture_20251209_153450_992.png,Robinhood Brave,BTC,$90263.89,down
2025-12-09T10:34:52.928297Z,screenshots\capture_20251209_153452_464.png,Robinhood Brave,BTC,$90263.89,down
2025-12-09T10:34:54.380417Z,screenshots\capture_20251209_153453_930.png,Robinhood Brave,BTC,$90263.89,down
2025-12-09T10:34:55.840856Z,screenshots\capture_20251209_153455_381.png,Robinhood Brave,BTC,$90263.89,down
2025-12-09T10:34:57.290997Z,screenshots\capture_20251209_153456_842.png,Robinhood Brave,BTC,$90263.89,down
2025-12-09T10:34:58.877755Z,screenshots\capture_20251209_153458_293.png,Robinhood Brave,BTC,$90263.89,down
2025-12-09T10:35:00.340996Z,screenshots\capture_20251209_153459_880.png,Robinhood Brave,BTC,$90286.24,down
2025-12-09T10:35:01.791823Z,screenshots\capture_20251209_153501_344.png,Robinhood Brave,BTC,$90286.24,down
2025-12-09T10:35:03.204104Z,screenshots\capture_20251209_153502_794.png,Robinhood Brave,BTC,$90286.24,down
2025-12-09T10:35:04.696147Z,screenshots\capture_20251209_153504_208.png,Robinhood Brave,BTC,$90286.24,down
2025-12-09T10:35:06.176050Z,screenshots\capture_20251209_153505_697.png,Robinhood Brave,BTC,$90286.24,down
2025-12-09T10:35:07.600181Z,screenshots\capture_20251209_153507_177.png,Robinhood Brave,BTC,$90286.24,down
2025-12-09T10:35:09.007350Z,screenshots\capture_20251209_153508_602.png,Robinhood Brave,BTC,$90286.24,down
2025-12-09T10:35:10.498421Z,screenshots\capture_20251209_153510_009.png,Robinhood Brave,BTC,$90286.24,down
2025-12-09T10:35:11.998040Z,screenshots\capture_20251209_153511_501.png,Robinhood Brave,BTC,$90286.24,down
2025-12-09T10:35:13.527517Z,screenshots\capture_20251209_153513_000.png,Robinhood Brave,BTC,$90286.24,down
2025-12-09T10:35:15.409276Z,screenshots\capture_20251209_153514_529.png,Robinhood Brave,BTC,$90286.24,down
2025-12-09T10:35:17.099908Z,screenshots\capture_20251209_153516_455.png,Robinhood Brave,BTC,$90286.24,down
2025-12-09T10:35:18.664971Z,screenshots\capture_20251209_153518_102.png,Robinhood Brave,BTC,$90286.24,down
2025-12-09T10:35:20.176665Z,screenshots\capture_20251209_153519_668.png,Robinhood Brave,BTC,$90286.24,down
2025-12-09T10:35:21.678762Z,screenshots\capture_20251209_153521_178.png,Robinhood Brave,BTC,$90286.24,down
2025-12-09T10:35:23.036700Z,screenshots\capture_20251209_153522_680.png,Robinhood Brave,BTC,$90286.24,down
2025-12-09T10:35:24.521269Z,screenshots\capture_20251209_153524_038.png,Robinhood Brave,BTC,$90286.24,down
2025-12-09T10:35:25.994315Z,screenshots\capture_20251209_153525_522.png,Robinhood Brave,BTC,$90286.24,down
2025-12-09T10:35:27.372641Z,screenshots\capture_20251209_153526_997.png,Robinhood Brave,BTC,$90286.24,down
2025-12-09T10:35:28.782907Z,screenshots\capture_20251209_153528_374.png,Robinhood Brave,BTC,$90286.24,down
2025-12-09T10:35:30.300830Z,screenshots\capture_20251209_153529_785.png,Robinhood Brave,BTC,$90286.24,down
2025-12-09T10:35:31.762335Z,screenshots\capture_20251209_153531_309.png,Robinhood Brave,BTC,$90324.18,down
2025-12-09T10:35:33.206731Z,screenshots\capture_20251209_153532_775.png,Robinhood Brave,BTC,$90324.18,down
2025-12-09T10:35:34.653211Z,screenshots\capture_20251209_153534_209.png,Robinhood Brave,BTC,$90324.18,down
2025-12-09T10:35:36.066676Z,screenshots\capture_20251209_153535_655.png,Robinhood Brave,BTC,$90324.18,down
2025-12-09T10:35:37.441056Z,screenshots\capture_20251209_153537_068.png,Robinhood Brave,BTC,$90324.18,down
2025-12-09T10:38:38.445305Z,screenshots\capture_20251209_153837_701.png,Robinhood Brave,BTC,$90284.78,down
2025-12-09T10:38:39.887241Z,screenshots\capture_20251209_153839_449.png,Robinhood Brave,BTC,$90283.34,down
2025-12-09T10:38:41.371943Z,screenshots\capture_20251209_153840_891.png,Robinhood Brave,BTC,$90279.63,down
2025-12-09T10:38:42.782507Z,screenshots\capture_20251209_153842_375.png,Robinhood Brave,BTC,$90274.43,down
2025-12-09T10:38:44.113252Z,screenshots\capture_20251209_153843_784.png,Robinhood Brave,BTC,$90274.44,down
2025-12-09T10:38:45.584095Z,screenshots\capture_20251209_153845_118.png,Robinhood Brave,BTC,$90274.48,down
2025-12-09T10:38:46.979262Z,screenshots\capture_20251209_153846_587.png,Robinhood Brave,BTC,$90283.72,down
2025-12-09T10:38:48.352802Z,screenshots\capture_20251209_153847_981.png,Robinhood Brave,BTC,$90283.82,down
2025-12-09T10:38:49.799645Z,screenshots\capture_20251209_153849_355.png,Robinhood Brave,BTC,$90282.97,down
2025-12-09T10:38:51.264135Z,screenshots\capture_20251209_153850_810.png,Robinhood Brave,BTC,$90282.97,down
2025-12-09T10:38:52.748953Z,screenshots\capture_20251209_153852_269.png,Robinhood Brave,BTC,$90273.89,down
2025-12-09T10:39:05.994647Z,screenshots\capture_20251209_153905_546.png,Robinhood Brave,BTC,$90266.18,down
2025-12-09T10:39:07.958756Z,screenshots\capture_20251209_153906_997.png,Robinhood Brave,BTC,$90282.38,down
2025-12-09T10:39:09.462376Z,screenshots\capture_20251209_153908_965.png,Robinhood Brave,BTC,$90281.55,down
2025-12-09T10:39:11.141865Z,screenshots\capture_20251209_153910_464.png,Robinhood Brave,BTC,$90282.33,down
2025-12-09T10:39:12.526935Z,screenshots\capture_20251209_153912_144.png,Robinhood Brave,BTC,$90282.50,down
2025-12-09T10:39:14.125101Z,screenshots\capture_20251209_153913_554.png,Robinhood Brave,BTC,$90225.83,down
2025-12-09T10:39:17.523418Z,screenshots\capture_20251209_153915_509.png,Robinhood Brave,BTC,$90211.69,down
2025-12-09T10:39:19.610885Z,screenshots\capture_20251209_153918_593.png,Robinhood Brave,BTC,$90084.90,down
2025-12-09T10:39:21.541342Z,screenshots\capture_20251209_153920_613.png,Robinhood Brave,BTC,$90098.35,down
2025-12-09T10:39:23.367914Z,screenshots\capture_20251209_153922_543.png,Robinhood Brave,BTC,$90122.57,down
2025-12-09T10:39:24.999665Z,screenshots\capture_20251209_153924_371.png,Robinhood Brave,BTC,$90114.60,down
2025-12-09T10:39:26.752828Z,screenshots\capture_20251209_153926_001.png,Robinhood Brave,BTC,$90096.59,down
2025-12-09T10:39:28.434961Z,screenshots\capture_20251209_153927_770.png,Robinhood Brave,BTC,$90069.63,down
2025-12-09T10:39:30.096523Z,screenshots\capture_20251209_153929_437.png,Robinhood Brave,BTC,$90046.46,down
2025-12-09T10:39:31.670136Z,screenshots\capture_20251209_153931_101.png,Robinhood Brave,BTC,$90042.94,down
2025-12-09T10:39:33.253519Z,screenshots\capture_20251209_153932_672.png,Robinhood Brave,BTC,$90043.40,down
2025-12-09T10:39:34.808913Z,screenshots\capture_20251209_153934_255.png,Robinhood Brave,BTC,$90047.10,down
2025-12-09T10:39:36.396409Z,screenshots\capture_20251209_153935_810.png,Robinhood Brave,BTC,$90049.89,down
2025-12-09T10:39:38.004874Z,screenshots\capture_20251209_153937_398.png,Robinhood Brave,BTC,$90055.52,down
2025-12-09T10:39:39.552618Z,screenshots\capture_20251209_153939_006.png,Robinhood Brave,BTC,$90068.06,down
2025-12-09T10:39:41.050389Z,screenshots\capture_20251209_153940_554.png,Robinhood Brave,BTC,$90068.97,down
2025-12-09T10:39:42.559062Z,screenshots\capture_20251209_153942_051.png,Robinhood Brave,BTC,$90097.07,down
2025-12-09T10:39:44.198873Z,screenshots\capture_20251209_153943_563.png,Robinhood Brave,BTC,$90037.80,down
2025-12-09T10:39:45.732552Z,screenshots\capture_20251209_153945_200.png,Robinhood Brave,BTC,$90013.66,down
2025-12-09T10:39:47.738585Z,screenshots\capture_20251209_153946_735.png,Robinhood Brave,BTC,$90013.66,down
2025-12-09T10:39:49.502092Z,screenshots\capture_20251209_153948_740.png,Robinhood Brave,BTC,$90037.92,down
2025-12-09T10:39:51.249051Z,screenshots\capture_20251209_153950_505.png,Robinhood Brave,BTC,$90017.10,down
2025-12-09T10:39:52.920870Z,screenshots\capture_20251209_153952_252.png,Robinhood Brave,BTC,$90017.10,down
2025-12-09T10:39:54.727389Z,screenshots\capture_20251209_153953_924.png,Robinhood Brave,BTC,$90017.10,down
2025-12-09T10:39:56.360377Z,screenshots\capture_20251209_153955_729.png,Robinhood Brave,BTC,$90017.10,down
2025-12-09T10:39:58.128306Z,screenshots\capture_20251209_153957_368.png,Robinhood Brave,BTC,$90017.10,down
2025-12-09T10:39:59.901471Z,screenshots\capture_20251209_153959_131.png,Robinhood Brave,BTC,$90017.10,down
2025-12-09T10:40:01.531213Z,screenshots\capture_20251209_154000_903.png,Robinhood Brave,BTC,$90017.10,down
2025-12-09T10:40:03.107721Z,screenshots\capture_20251209_154002_546.png,Robinhood Brave,BTC,$90017.10,down
2025-12-09T10:40:04.893472Z,screenshots\capture_20251209_154004_110.png,Robinhood Brave,BTC,$90017.10,down
2025-12-09T10:40:06.466653Z,screenshots\capture_20251209_154005_895.png,Robinhood Brave,BTC,$90017.10,down
2025-12-09T10:40:07.964876Z,screenshots\capture_20251209_154007_469.png,Robinhood Brave,BTC,$90017.10,down
2025-12-09T10:40:09.717994Z,screenshots\capture_20251209_154008_982.png,Robinhood Brave,BTC,$90017.10,down
2025-12-09T10:40:11.369416Z,screenshots\capture_20251209_154010_719.png,Robinhood Brave,BTC,$90017.10,down
2025-12-09T10:40:13.046386Z,screenshots\capture_20251209_154012_377.png,Robinhood Brave,BTC,$90017.10,down
2025-12-09T10:40:14.670768Z,screenshots\capture_20251209_154014_049.png,Robinhood Brave,BTC,$90017.10,down
2025-12-09T10:40:17.889317Z,screenshots\capture_20251209_154015_887.png,Robinhood Brave,BTC,$90017.10,down
2025-12-09T10:40:20.241073Z,screenshots\capture_20251209_154018_913.png,Robinhood Brave,BTC,$90017.10,down
2025-12-09T10:40:21.985596Z,screenshots\capture_20251209_154021_257.png,Robinhood Brave,BTC,$90043.75,down
2025-12-09T10:40:23.777835Z,screenshots\capture_20251209_154022_990.png,Robinhood Brave,BTC,$90043.75,down
2025-12-09T10:40:25.161926Z,screenshots\capture_20251209_154024_782.png,Robinhood Brave,BTC,$90043.75,down
2025-12-09T10:40:26.572347Z,screenshots\capture_20251209_154026_165.png,Robinhood Brave,BTC,$90043.75,down
2025-12-09T10:40:28.001825Z,screenshots\capture_20251209_154027_575.png,Robinhood Brave,BTC,$90043.75,down
2025-12-09T10:40:29.594262Z,screenshots\capture_20251209_154029_003.png,Robinhood Brave,BTC,$90043.75,down
2025-12-09T10:40:31.096528Z,screenshots\capture_20251209_154030_596.png,Robinhood Brave,BTC,$90043.75,down
2025-12-09T10:40:32.694579Z,screenshots\capture_20251209_154032_102.png,Robinhood Brave,BTC,$90043.75,down
2025-12-09T10:40:34.253270Z,screenshots\capture_20251209_154033_698.png,Robinhood Brave,BTC,$90043.75,down
2025-12-09T10:40:35.783284Z,screenshots\capture_20251209_154035_254.png,Robinhood Brave,BTC,$90043.75,down
2025-12-09T10:40:37.431282Z,screenshots\capture_20251209_154036_784.png,Robinhood Brave,BTC,$90043.75,down
2025-12-09T10:40:39.031665Z,screenshots\capture_20251209_154038_432.png,Robinhood Brave,BTC,$90043.75,down
2025-12-09T10:40:40.523055Z,screenshots\capture_20251209_154040_037.png,Robinhood Brave,BTC,$90043.75,down
2025-12-09T10:40:42.202130Z,screenshots\capture_20251209_154041_524.png,Robinhood Brave,BTC,$90043.75,down
2025-12-09T10:40:43.693318Z,screenshots\capture_20251209_154043_204.png,Robinhood Brave,BTC,$90043.75,down
2025-12-09T10:40:45.217727Z,screenshots\capture_20251209_154044_695.png,Robinhood Brave,BTC,$90043.75,down
2025-12-09T10:40:46.812645Z,screenshots\capture_20251209_154046_220.png,Robinhood Brave,BTC,$90043.75,down
2025-12-09T10:40:48.421972Z,screenshots\capture_20251209_154047_837.png,Robinhood Brave,BTC,$90043.75,down
2025-12-09T10:40:50.346142Z,screenshots\capture_20251209_154049_423.png,Robinhood Brave,BTC,$90043.75,down
2025-12-09T10:40:52.114931Z,screenshots\capture_20251209_154051_351.png,Robinhood Brave,BTC,$90072.12,down
2025-12-09T10:40:53.738990Z,screenshots\capture_20251209_154053_117.png,Robinhood Brave,BTC,$90072.12,down
2025-12-09T10:40:55.266163Z,screenshots\capture_20251209_154054_743.png,Robinhood Brave,BTC,$90072.12,down
2025-12-09T10:40:57.549869Z,screenshots\capture_20251209_154056_268.png,Robinhood Brave,BTC,$90072.12,down
2025-12-09T10:40:59.997321Z,screenshots\capture_20251209_154058_656.png,Robinhood Brave,BTC,$90046.05,down
2025-12-09T10:41:01.670541Z,screenshots\capture_20251209_154100_999.png,Robinhood Brave,BTC,$90027.86,down
2025-12-09T10:41:03.593349Z,screenshots\capture_20251209_154102_687.png,Robinhood Brave,BTC,$90027.86,down
2025-12-09T10:41:05.194515Z,screenshots\capture_20251209_154104_595.png,Robinhood Brave,BTC,$90027.86,down
2025-12-09T10:41:06.864674Z,screenshots\capture_20251209_154106_199.png,Robinhood Brave,BTC,$90027.86,down
2025-12-09T10:41:08.727611Z,screenshots\capture_20251209_154107_866.png,Robinhood Brave,BTC,$90027.86,down
2025-12-09T10:41:10.425893Z,screenshots\capture_20251209_154109_748.png,Robinhood Brave,BTC,$90027.86,down
2025-12-09T10:41:11.941709Z,screenshots\capture_20251209_154111_428.png,Robinhood Brave,BTC,$90027.86,down
2025-12-09T10:41:13.801331Z,screenshots\capture_20251209_154112_943.png,Robinhood Brave,BTC,$90027.86,down
2025-12-09T10:41:18.032723Z,screenshots\capture_20251209_154115_817.png,Robinhood Brave,BTC,$90027.86,down
2025-12-09T10:41:19.711165Z,screenshots\capture_20251209_154119_034.png,Robinhood Brave,BTC,$90048.01,down
2025-12-09T10:41:21.152851Z,screenshots\capture_20251209_154120_713.png,Robinhood Brave,BTC,$90048.01,down
2025-12-09T10:41:22.836018Z,screenshots\capture_20251209_154122_156.png,Robinhood Brave,BTC,$90048.01,down
2025-12-09T10:41:24.581247Z,screenshots\capture_20251209_154123_842.png,Robinhood Brave,BTC,$90048.01,down
2025-12-09T10:41:25.955973Z,screenshots\capture_20251209_154125_592.png,Robinhood Brave,BTC,$90048.01,down
2025-12-09T10:41:27.406675Z,screenshots\capture_20251209_154126_958.png,Robinhood Brave,BTC,$90048.01,down
2025-12-09T10:41:28.853979Z,screenshots\capture_20251209_154128_410.png,Robinhood Brave,BTC,$90048.01,down
2025-12-09T10:41:30.443277Z,screenshots\capture_20251209_154129_855.png,Robinhood Brave,BTC,$90048.01,down
2025-12-09T10:41:32.592557Z,screenshots\capture_20251209_154131_455.png,Robinhood Brave,BTC,$90048.01,down
2025-12-09T10:41:34.991543Z,screenshots\capture_20251209_154133_598.png,Robinhood Brave,BTC,$90068.75,down
2025-12-09T10:41:36.857117Z,screenshots\capture_20251209_154136_009.png,Robinhood Brave,BTC,$90058.75,down
2025-12-09T10:41:38.577974Z,screenshots\capture_20251209_154137_859.png,Robinhood Brave,BTC,$90058.75,down
2025-12-09T10:41:40.295393Z,screenshots\capture_20251209_154139_590.png,Robinhood Brave,BTC,$90058.75,down
2025-12-09T10:41:42.009414Z,screenshots\capture_20251209_154141_300.png,Robinhood Brave,BTC,$90058.75,down
2025-12-09T10:41:43.578095Z,screenshots\capture_20251209_154143_012.png,Robinhood Brave,BTC,$90058.75,down
2025-12-09T10:41:45.412518Z,screenshots\capture_20251209_154144_580.png,Robinhood Brave,BTC,$90058.75,down
2025-12-09T10:41:47.018979Z,screenshots\capture_20251209_154146_414.png,Robinhood Brave,BTC,$90058.75,down
2025-12-09T10:41:48.849011Z,screenshots\capture_20251209_154148_027.png,Robinhood Brave,BTC,$90058.75,down
2025-12-09T10:41:50.670395Z,screenshots\capture_20251209_154149_853.png,Robinhood Brave,BTC,$90058.75,down
2025-12-09T10:41:52.291582Z,screenshots\capture_20251209_154151_684.png,Robinhood Brave,BTC,$90058.75,down
2025-12-09T10:41:54.008966Z,screenshots\capture_20251209_154153_294.png,Robinhood Brave,BTC,$90058.75,down
2025-12-09T10:41:55.565741Z,screenshots\capture_20251209_154155_012.png,Robinhood Brave,BTC,$90058.75,down
2025-12-09T10:41:56.899756Z,screenshots\capture_20251209_154156_568.png,Robinhood Brave,BTC,$90058.75,down
2025-12-09T10:41:58.329766Z,screenshots\capture_20251209_154157_901.png,Robinhood Brave,BTC,$90058.75,down
2025-12-09T10:41:59.746024Z,screenshots\capture_20251209_154159_333.png,Robinhood Brave,BTC,$90058.75,down
2025-12-09T10:42:01.173901Z,screenshots\capture_20251209_154200_748.png,Robinhood Brave,BTC,$90058.75,down
2025-12-09T10:42:02.614274Z,screenshots\capture_20251209_154202_176.png,Robinhood Brave,BTC,$90058.75,down
2025-12-09T10:42:04.014159Z,screenshots\capture_20251209_154203_616.png,Robinhood Brave,BTC,$90058.75,down
2025-12-09T10:42:05.501524Z,screenshots\capture_20251209_154205_016.png,Robinhood Brave,BTC,$90058.75,down
2025-12-09T10:42:07.047954Z,screenshots\capture_20251209_154206_505.png,Robinhood Brave,BTC,$90058.75,down
2025-12-09T10:42:08.434485Z,screenshots\capture_20251209_154208_049.png,Robinhood Brave,BTC,$90093.25,down
2025-12-09T10:42:09.779833Z,screenshots\capture_20251209_154209_436.png,Robinhood Brave,BTC,$90093.25,down
2025-12-09T10:42:11.298831Z,screenshots\capture_20251209_154210_781.png,Robinhood Brave,BTC,$90093.25,down
2025-12-09T10:42:12.676633Z,screenshots\capture_20251209_154212_311.png,Robinhood Brave,BTC,$90093.25,down
2025-12-09T10:42:14.250530Z,screenshots\capture_20251209_154213_679.png,Robinhood Brave,BTC,$90093.25,down
2025-12-09T10:42:15.926098Z,screenshots\capture_20251209_154215_254.png,Robinhood Brave,BTC,$90093.25,down
2025-12-09T10:42:17.263709Z,screenshots\capture_20251209_154216_927.png,Robinhood Brave,BTC,$90093.25,down
2025-12-09T10:42:18.811858Z,screenshots\capture_20251209_154218_265.png,Robinhood Brave,BTC,$90093.25,down
2025-12-09T10:42:20.311960Z,screenshots\capture_20251209_154219_813.png,Robinhood Brave,BTC,$90093.25,down
2025-12-09T10:42:21.795449Z,screenshots\capture_20251209_154221_313.png,Robinhood Brave,BTC,$90093.25,down
2025-12-09T10:42:23.220437Z,screenshots\capture_20251209_154222_797.png,Robinhood Brave,BTC,$90093.25,down
2025-12-09T10:42:24.572606Z,screenshots\capture_20251209_154224_222.png,Robinhood Brave,BTC,$90093.25,down
2025-12-09T10:42:26.115841Z,screenshots\capture_20251209_154225_574.png,Robinhood Brave,BTC,$90093.25,down
2025-12-09T10:42:27.496638Z,screenshots\capture_20251209_154227_117.png,Robinhood Brave,BTC,$90093.25,down
2025-12-09T10:42:28.871803Z,screenshots\capture_20251209_154228_499.png,Robinhood Brave,BTC,$90093.25,down
2025-12-09T10:42:30.388699Z,screenshots\capture_20251209_154229_873.png,Robinhood Brave,BTC,$90093.25,down
2025-12-09T10:42:31.868785Z,screenshots\capture_20251209_154231_390.png,Robinhood Brave,BTC,$90093.25,down
2025-12-09T10:42:33.187007Z,screenshots\capture_20251209_154232_870.png,Robinhood Brave,BTC,$90093.25,down
2025-12-09T10:42:34.719556Z,screenshots\capture_20251209_154234_188.png,Robinhood Brave,BTC,$90093.25,down
2025-12-09T10:42:36.266067Z,screenshots\capture_20251209_154235_725.png,Robinhood Brave,BTC,$90093.25,down
2025-12-09T10:42:37.790516Z,screenshots\capture_20251209_154237_267.png,Robinhood Brave,BTC,$90093.25,down
2025-12-09T10:42:39.169291Z,screenshots\capture_20251209_154238_793.png,Robinhood Brave,BTC,$90147.72,down
2025-12-09T10:42:40.600373Z,screenshots\capture_20251209_154240_170.png,Robinhood Brave,BTC,$90147.72,down
